<?xml version="1.0"?>
<map description="oras">
	<nodes>
		<node id="0" longitude="4963454" latitude="621476"/>
		<node id="1" longitude="4959493" latitude="614350"/>
		<node id="2" longitude="4959247" latitude="612096"/>
		<node id="3" longitude="4959206" latitude="612162"/>
		<node id="4" longitude="4962199" latitude="612071"/>
		<node id="5" longitude="4959383" latitude="612790"/>
		<node id="6" longitude="4959373" latitude="612815"/>
		<node id="7" longitude="4961893" latitude="612207"/>
		<node id="8" longitude="4961821" latitude="612403"/>
		<node id="9" longitude="4959500" latitude="613651"/>
		<node id="10" longitude="4959513" latitude="613557"/>
		<node id="11" longitude="4960680" latitude="614488"/>
		<node id="12" longitude="4960641" latitude="614450"/>
		<node id="13" longitude="4964771" latitude="613419"/>
		<node id="14" longitude="4959606" latitude="615022"/>
		<node id="15" longitude="4963399" latitude="616745"/>
		<node id="16" longitude="4963380" latitude="616772"/>
		<node id="17" longitude="4959630" latitude="613093"/>
		<node id="18" longitude="4959662" latitude="613123"/>
		<node id="19" longitude="4961354" latitude="612934"/>
		<node id="20" longitude="4958564" latitude="609913"/>
	</nodes>
	<arcs>
		<arc from="0" to="1" length="57"/>
		<arc from="0" to="15" length="50"/>
		<arc from="1" to="20" length="5"/>
		<arc from="2" to="5" length="22"/>
		<arc from="2" to="6" length="40"/>
		<arc from="3" to="7" length="22"/>
		<arc from="3" to="8" length="103"/>
		<arc from="4" to="9" length="153"/>
		<arc from="4" to="10" length="14"/>
		<arc from="5" to="11" length="77"/>
		<arc from="5" to="12" length="19"/>
		<arc from="6" to="13" length="19"/>
		<arc from="6" to="14" length="26"/>
		<arc from="7" to="15" length="63"/>
		<arc from="8" to="16" length="102"/>
		<arc from="8" to="17" length="16"/>
		<arc from="9" to="18" length="69"/>
		<arc from="10" to="19" length="69"/>
		<arc from="11" to="20" length="13"/>
		<arc from="11" to="10" length="41"/>
		<arc from="12" to="13" length="31"/>
		<arc from="12" to="2" length="23"/>
		<arc from="13" to="3" length="71"/>
		<arc from="13" to="4" length="79"/>
		<arc from="14" to="5" length="44"/>
		<arc from="15" to="6" length="50"/>
		<arc from="15" to="7" length="22"/>
		<arc from="16" to="8" length="7"/>
		<arc from="16" to="9" length="102"/>
		<arc from="17" to="10" length="25"/>
		<arc from="18" to="11" length="82"/>
		<arc from="18" to="12" length="1"/>
		<arc from="19" to="13" length="24"/>
		<arc from="20" to="14" length="24"/>
		<arc from="20" to="15" length="16"/>
	</arcs>
</map>