﻿<?xml version="1.0" encoding="utf-8"?><Users xmlns:xsi="http://www.w3.org/2001/XMLSchema-instance" xmlns:xsd="http://www.w3.org/2001/XMLSchema"><List><User><Username>mimi</Username><IconPath>/userPhotos/icon4.png</IconPath><GameSaved Level="1" Mistakes="0" CategoryType="All" WordOnDisplay="" WordToGuess="" TimeLeft="30" SavedGame="false" /><Statistic><AllWon>0</AllWon><CarsWon>0</CarsWon><MoviesWon>0</MoviesWon><TvShowsWon>1</TvShowsWon><CountriesWon>1</CountriesWon><AllLost>1</AllLost><CarsLost>0</CarsLost><MoviesLost>0</MoviesLost><TvShowsLost>0</TvShowsLost><CountriesLost>0</CountriesLost></Statistic></User><User><Username>aaaa</Username><IconPath>/userPhotos/icon3.png</IconPath><GameSaved Level="0" Mistakes="0" CategoryType="None" TimeLeft="0" SavedGame="false" /><Statistic><AllWon>0</AllWon><CarsWon>0</CarsWon><MoviesWon>0</MoviesWon><TvShowsWon>0</TvShowsWon><CountriesWon>0</CountriesWon><AllLost>0</AllLost><CarsLost>0</CarsLost><MoviesLost>0</MoviesLost><TvShowsLost>0</TvShowsLost><CountriesLost>0</CountriesLost></Statistic></User><User><Username>anda</Username><IconPath>/userPhotos/icon4.png</IconPath><GameSaved Level="1" Mistakes="0" CategoryType="Movies" WordOnDisplay="" WordToGuess="" TimeLeft="30" SavedGame="false" /><Statistic><AllWon>0</AllWon><CarsWon>0</CarsWon><MoviesWon>0</MoviesWon><TvShowsWon>0</TvShowsWon><CountriesWon>0</CountriesWon><AllLost>0</AllLost><CarsLost>2</CarsLost><MoviesLost>2</MoviesLost><TvShowsLost>0</TvShowsLost><CountriesLost>0</CountriesLost></Statistic></User><User><Username>viorica</Username><IconPath>/userPhotos/icon2.png</IconPath><GameSaved Level="1" Mistakes="0" CategoryType="Countries" WordOnDisplay="" WordToGuess="" TimeLeft="30" SavedGame="false" /><Statistic><AllWon>0</AllWon><CarsWon>0</CarsWon><MoviesWon>0</MoviesWon><TvShowsWon>0</TvShowsWon><CountriesWon>0</CountriesWon><AllLost>0</AllLost><CarsLost>0</CarsLost><MoviesLost>0</MoviesLost><TvShowsLost>0</TvShowsLost><CountriesLost>2</CountriesLost></Statistic></User><User><Username>ioana</Username><IconPath>/userPhotos/icon3.png</IconPath><GameSaved Level="1" Mistakes="0" CategoryType="Cars" WordOnDisplay="" WordToGuess="" TimeLeft="30" SavedGame="false" /><Statistic><AllWon>0</AllWon><CarsWon>0</CarsWon><MoviesWon>0</MoviesWon><TvShowsWon>0</TvShowsWon><CountriesWon>1</CountriesWon><AllLost>4</AllLost><CarsLost>13</CarsLost><MoviesLost>4</MoviesLost><TvShowsLost>8</TvShowsLost><CountriesLost>14</CountriesLost></Statistic></User></List></Users>