﻿<?xml version="1.0" encoding="utf-8"?><Words xmlns:xsi="http://www.w3.org/2001/XMLSchema-instance" xmlns:xsd="http://www.w3.org/2001/XMLSchema"><TotalCategories>4</TotalCategories><Cars><string>FORD</string><string>MERCEDES</string><string>AUDI</string><string>OPEL</string><string>DACIA</string><string>VOLKSWAGEN</string><string>FERRARI</string><string>HONDA</string><string>SUBARU</string><string>TOYOTA</string><string>HYUNDAI</string><string>RENAULT</string><string>RANGE ROVER</string><string>LAND ROVER</string><string>PEUGEOT</string><string>ASTON MARTIN</string><string>LAMBORGHINI</string><string>BUGATTI</string><string>BENTLEY</string><string>PORSCHE</string></Cars><Movies><string>THE GODFATHER</string><string>PULP FICTION</string><string>INCEPTION</string><string>FORREST GUMP</string><string>THE MATRIX</string><string>GOODFELLAS</string><string>INTERSTELLAR</string><string>STAR WARS</string><string>PARASITE</string><string>THE LION KING</string><string>CASABLANCA</string><string>FINDING NEMO</string><string>BATMAN</string></Movies><TvShows><string>BRIDGERTON</string><string>STRANGER THINGS</string><string>THE WALKING DEAD</string><string>PEAKY BLINDERS</string><string>KILLING EVE</string><string>GAME OF THRONES</string><string>BREAKING BAD</string><string>EUPHORIA</string><string>OUTLANDER</string><string>THIS IS US</string><string>FRIENDS</string><string>MAID</string><string>ANNE WITH AN E</string><string>SHERLOCK</string><string>REIGN</string><string>EMILY IN PARIS</string><string>THE GOOD PLACE</string><string>MODERN FAMILY</string><string>UNORTHODOX</string></TvShows><Countries><string>USA</string><string>MEXICO</string><string>CANADA</string><string>SWITZERLAND</string><string>LIECHTENSTEIN</string><string>ROMANIA</string><string>BULGARIA</string><string>MALDIVES</string><string>SEYCHELLES</string><string>SAUDI ARABIA</string><string>CHINA</string><string>UKRAINE</string><string>HUNGARY</string><string>MADAGASCAR</string><string>MOZAMBIQUE</string><string>EAST TIMOR</string><string>TUVALU</string><string>AUSTRALIA</string><string>SOLOMON ISLANDS</string><string>MICRONESIA</string><string>PHILIPPINES</string><string>NEPAL</string><string>KYRGYZSTAN</string><string>TAKJIKISTAN</string><string>GEORGIA</string><string>SIERRA LEONE</string></Countries></Words>